{
  "checkpoint": "weights\\pytorch\\latest.pt",
  "global_step": 186000,
  "parameter_count": 873668135,
  "prompt_count": 8,
  "device": "cuda",
  "encoder_sparsity": 0.9543923611111111,
  "block_sparsity_mean": 0.9377004419191919,
  "block_sparsity_min": 0.6720572916666667,
  "block_sparsity_max": 0.9640190972222222,
  "block_sparsity": [
    0.9593489583333333,
    0.9558767361111111,
    0.9624305555555556,
    0.9621180555555555,
    0.9607465277777778,
    0.9591232638888889,
    0.9640190972222222,
    0.9609809027777778,
    0.9613107638888889,
    0.9601475694444445,
    0.95375,
    0.9552690972222222,
    0.9414496527777778,
    0.9403645833333333,
    0.95015625,
    0.9342708333333334,
    0.9459114583333333,
    0.92109375,
    0.9395659722222223,
    0.9335243055555555,
    0.9358940972222223,
    0.6720572916666667
  ]
}